month,active_customers
2022-01,294
2022-02,308
2022-03,441
2022-04,464
2022-05,497
2022-06,493
2022-07,474
2022-08,792
2022-09,852
2022-10,599
2022-11,1262
2022-12,1394
2023-01,442
2023-02,409
2023-03,887
2023-04,927
2023-05,876
2023-06,715
2023-07,727
2023-08,1378
2023-09,1449
2023-10,987
2023-11,2202
2023-12,2464
2024-01,648
2024-02,598
2024-03,1490
2024-04,1517
2024-05,1408
2024-06,1127
2024-07,1217
2024-08,2339
2024-09,2553
2024-10,1958
2024-11,4036
2024-12,3
