month,new_customers
2022-01,350
2022-02,351
2022-03,504
2022-04,506
2022-05,508
2022-06,510
2022-07,512
2022-08,719
2022-09,722
2022-10,518
2022-11,936
2022-12,939
2023-01,366
2023-02,368
2023-03,528
2023-04,530
2023-05,532
2023-06,534
2023-07,536
2023-08,753
2023-09,756
2023-10,542
2023-11,979
2023-12,982
2024-01,441
2024-02,442
2024-03,634
2024-04,637
2024-05,639
2024-06,641
2024-07,644
2024-08,904
2024-09,908
2024-10,650
2024-11,1175
